Area,ppb,Input Column Density,Polygons
Area1,1600,2.55E+17,"[[76.489933, 30.958493 ],[76.516488, 30.974060],[ 76.255274, 31.303637],[ 76.228665, 31.288018],[76.489933, 30.958493 ]]"
Area2,1700,2.71E+17,"[[76.470692, 30.921854],[ 76.496231, 30.936837],[ 76.227667, 31.275637],[ 76.202076, 31.260603],[76.470692, 30.921854]]"
Area3,1800,2.87E+17,"[[76.553713, 30.993763],[ 76.579145, 31.008647],[ 76.336118, 31.315634],[ 76.310638, 31.300703],[76.553713, 30.993763]]"
Area4,1900,3.03E+17,"[[76.503127, 30.971672 ],[76.529203, 30.986952],[ 76.270158, 31.313842],[ 76.244030, 31.298512],[ 76.503127, 30.971672]]"
Area5,2000,3.18E+17,"[[76.540000, 30.982149],[ 76.565737, 30.997218] ,[76.317863, 31.310256],[ 76.292077, 31.295140],[76.540000, 30.982149]]"
Area6,2100,3.35E+17,"[[76.475185, 30.947432],[ 76.501285, 30.962738],[ 76.235636, 31.297826],[ 76.209482, 31.282467],[76.475185, 30.947432]]"
Area7,2200,3.51E+17,"[[76.525409, 30.970895],[ 76.550363, 30.985512],[ 76.297892, 31.304275],[ 76.272888, 31.289611],[76.525409, 30.970895]]"